text,label,lid_confidence,source
THEKO EA NAMA LE MAHE E TLO NYOLOHA HAMPE HAHOLO,LS,0.8798,Mokhosi_SN_Zenodo_or_leihlolabasotho
MAEMONG A NEPAHETSENG HA HO MOTHO EA KA JANG NAMA EA NTJA,LS,0.9782,Mokhosi_SN_Zenodo_or_leihlolabasotho
HA HO BAOKI SEPETLELE,LS,0.7771,Mokhosi_SN_Zenodo_or_leihlolabasotho
MOKHA HA O TLISE PHETOHO HOHANG,LS,0.9102,Mokhosi_SN_Zenodo_or_leihlolabasotho
SEALEMOEA SERE TONAKHOLO A FANE KA BOPAKI BA HORE KE MOKHOLO OA HAE O REKETSENG BAHLOKI LIMPHO,LS,0.7391,Mokhosi_SN_Zenodo_or_leihlolabasotho
NTLO E QETA HO HATA BATHO E LIHELOA KE PULA,LS,0.7216,Mokhosi_SN_Zenodo_or_leihlolabasotho
KAJENO TONAKHOLO O ABELA LIKHUTSANA LIMPHO KA CHELETE EA HAE EA MOKHOLO E M600 000,LS,0.7766,Mokhosi_SN_Zenodo_or_leihlolabasotho
MONNA O QHANYATSA NGOANA MOHAISANE OA HAE HLOOHO,LS,0.7751,Mokhosi_SN_Zenodo_or_leihlolabasotho
MOSALI O HLAHA KHOTLA KA POLAO EA MONNA OA HAE,LS,0.806,Mokhosi_SN_Zenodo_or_leihlolabasotho
BAHOEBI BA LIKHOHO BA TŠOARA MOHOANTO,LS,0.8353,Mokhosi_SN_Zenodo_or_leihlolabasotho
BOIPELAETSO KHAHLANONG LE HO KETOLOA HOA 'MUSO,LS,0.7734,Mokhosi_SN_Zenodo_or_leihlolabasotho
KOMPONE EA MARANGRANG E BEBOFATSA KAMOHELO EA CHELETE HO TSOA KANTLE HO NAHA,LS,0.7602,Mokhosi_SN_Zenodo_or_leihlolabasotho
TONAKHOLO O HANA HO AMOHELA MASOLE A TSOANG NTOENG,LS,0.7664,Mokhosi_SN_Zenodo_or_leihlolabasotho
NYEOE EA TONAKHOLO LE MOHATSA OA HAE E TLO QHALOA,LS,0.8879,Mokhosi_SN_Zenodo_or_leihlolabasotho
MOKHA O TSIETSIENG EA HO LAHLELOA KE LITHO,LS,0.9085,Mokhosi_SN_Zenodo_or_leihlolabasotho
BA RE MOHATSA OA TONAKHOLO KE NOHA EA TLHOARE,LS,0.8807,Mokhosi_SN_Zenodo_or_leihlolabasotho
BANNA BA KHOLA PHALO HA BA ELELLOA HORE BA KENTSOE MEREBELE,LS,0.8049,Mokhosi_SN_Zenodo_or_leihlolabasotho
MOHLORISI OA LIHOAI O AHLOLOA LILEMO TSE 12 NTLE LE HO ITEFELLA,LS,0.7365,Mokhosi_SN_Zenodo_or_leihlolabasotho
MOHLEKEFETSI OA NGOANA O LLELOA KE LITŠEPE,LS,0.732,Mokhosi_SN_Zenodo_or_leihlolabasotho
MONNA O LLELOA KE LITŠEPE KA POLAO EA MOHOLOANE OA HAE,LS,0.7236,Mokhosi_SN_Zenodo_or_leihlolabasotho
TLHOKOMELISO EA HO KHAOHA HA BOROKHO BA NAKOANA,LS,0.7162,Mokhosi_SN_Zenodo_or_leihlolabasotho
TLHOKOMELISO EA BOHLOKOA HO BAAHI,LS,0.7437,Mokhosi_SN_Zenodo_or_leihlolabasotho
TONAKHOLO O LOANETSE LEBENKELE KHAKHAULANE MOLAMU OA HLOOHO,LS,0.7049,Mokhosi_SN_Zenodo_or_leihlolabasotho
O TLOHELLA NKHONO EO E LENG NYATSI EA HAE O BETA NGOANA,LS,0.8186,Mokhosi_SN_Zenodo_or_leihlolabasotho
BACHA BA HALEFETSE MOPARAMENTE HA BOHLOKO,LS,0.7124,Mokhosi_SN_Zenodo_or_leihlolabasotho
LESHOLU LE PHETHOHA KA KOLOI A QETANG HO E UTSOA,LS,0.7808,Mokhosi_SN_Zenodo_or_leihlolabasotho
NGOANA O FUMANOA KA NTLOANENG NAKONG EO HO NTSENG HO HULOA MATLOANA,LS,0.8617,Mokhosi_SN_Zenodo_or_leihlolabasotho
MOSHANYANA O FELLOA KE BOPHELO KAMORA HO RAHOA MPENG,LS,0.7635,Mokhosi_SN_Zenodo_or_leihlolabasotho
MONNA O KHAMA MOSALI OA HAE HO FIHLELA A NEHELA MOEA,LS,0.8029,Mokhosi_SN_Zenodo_or_leihlolabasotho
NGOANANA EA QETANG HO FUOA LENGOLO KE MOFU TSE BOHLOKO HA LI FELE,LS,0.7753,Mokhosi_SN_Zenodo_or_leihlolabasotho
TONAKHOLO EA NAHA E PHURA LESHOETLA LE TONAKHOLO EA NAHA EA BOAHISANE,LS,0.9733,Mokhosi_SN_Zenodo_or_leihlolabasotho
MOROALLO OA METSI O HLASELA NAHA EA BOAHISANE,LS,0.9218,Mokhosi_SN_Zenodo_or_leihlolabasotho
RE KOPA HO BATLISOA KHOMO EA POHO HOHLE MOO E KA BONOANG E NYAMETSENG BOSIUNG BA 26/08/23,LS,0.8256,Mokhosi_SN_Zenodo_or_leihlolabasotho
MASOLE A NAHA A TSOANG NTOENG A FIHLILE KAJENO,LS,0.7194,Mokhosi_SN_Zenodo_or_leihlolabasotho
MONNA O KHAMA NGOANA OA HAE HO FIHLELA A NEHELA MOEA SETEREKENG,LS,0.8045,Mokhosi_SN_Zenodo_or_leihlolabasotho
NGOANA OA SEBINI O PASA HANTLE NAHENG EA BOAHISANE,LS,0.7025,Mokhosi_SN_Zenodo_or_leihlolabasotho
MONNA O RE SECHABA SE NYATSA LITABANE KAHONA HA A SA HLOLA A LE BEHA KAHARA NAHA,LS,0.7336,Mokhosi_SN_Zenodo_or_leihlolabasotho
E NTSE E LE LILLO KAMORA HORE KHASE E PHAHLOHE,LS,0.7303,Mokhosi_SN_Zenodo_or_leihlolabasotho
BATHO BA 11 BA HLOKAHETSE HA BA BANG BA TSOILE LIKOTSI NAKONG EO THAPO EA KECHE E NENG E KHAOHA MORAFONG,LS,0.8597,Mokhosi_SN_Zenodo_or_leihlolabasotho
LEHLOA LE PAKILE HAHOLO QOBANG MAETO A THABENG HA JOALE,LS,0.8218,Mokhosi_SN_Zenodo_or_leihlolabasotho
MONNA O FIHLILE HA HAE A NTSE A BOLOKEHILE,LS,0.8864,Mokhosi_SN_Zenodo_or_leihlolabasotho
NGOANA O IPOLAEA KAMORA HO HLORISOA KE BARUTOANA SEKOLONG,LS,0.7055,Mokhosi_SN_Zenodo_or_leihlolabasotho
SEPOLESA SA NAHA EA BOAHISANE SE HAHARA MAKHOMOSHA,LS,0.9018,Mokhosi_SN_Zenodo_or_leihlolabasotho
MOSALI E MONG O HLAHELOA KE TSIETSI HAPE KOLOING EA 4+1,LS,0.8467,Mokhosi_SN_Zenodo_or_leihlolabasotho
MAKHOMOSHA A FETANG 96 A EA QHAUTSOA,LS,0.7996,Mokhosi_SN_Zenodo_or_leihlolabasotho
MONNA OA MOTSENG O HLABA NTJA HAPE,LS,0.7172,Mokhosi_SN_Zenodo_or_leihlolabasotho
O FUMANA KHAU EA HO IPABOLA TŠEBETSONG EA HAE,LS,0.8696,Mokhosi_SN_Zenodo_or_leihlolabasotho
MAEMONG A NEPAHETSENG HA HO $T$ EA KA JANG NAMA EA NTJA,LS,0.9674,Mokhosi_SN_Zenodo_or_leihlolabasotho
MAEMONG A NEPAHETSENG HA HO MOTHO EA KA JANG $T$,LS,0.8033,Mokhosi_SN_Zenodo_or_leihlolabasotho
HO UTLOAHALA HO KHABOLA HA SETHUNYA BOIPILETSONG BA $T$,LS,0.7409,Mokhosi_SN_Zenodo_or_leihlolabasotho
NAHENG EA BOAHISANE,LS,0.8012,Mokhosi_SN_Zenodo_or_leihlolabasotho
PUSONG EA TONAKHOLO EA MEHLENG,LS,0.7659,Mokhosi_SN_Zenodo_or_leihlolabasotho
HO NTSENG HO NA HA SE PULA KE MEEOKHO EA $T$,LS,0.7706,Mokhosi_SN_Zenodo_or_leihlolabasotho
MOHATSA OA TONAKHOLO EA MEHLENG,LS,0.8375,Mokhosi_SN_Zenodo_or_leihlolabasotho
NTLO E QETA HO HATA BATHO E LIHELOA KE $T$,LS,0.8144,Mokhosi_SN_Zenodo_or_leihlolabasotho
KAJENO TONAKHOLO O ABELA $T$ LIMPHO KA CHELETE EA HAE EA MOKHOLO E M600 000,LS,0.7616,Mokhosi_SN_Zenodo_or_leihlolabasotho
CHELETE EA HAE EA MOKHOLO,LS,0.8659,Mokhosi_SN_Zenodo_or_leihlolabasotho
$T$ O QHANYATSA NGOANA MOHAISANE OA HAE HLOOHO,LS,0.716,Mokhosi_SN_Zenodo_or_leihlolabasotho
$T$ O UTSOA KOLOI E MOTSOALLE OA HAE,LS,0.7557,Mokhosi_SN_Zenodo_or_leihlolabasotho
MOTSOALLE OA HAE,LS,0.9358,Mokhosi_SN_Zenodo_or_leihlolabasotho
$T$ O HLAHA KHOTLA KA POLAO EA MONNA OA HAE,LS,0.8004,Mokhosi_SN_Zenodo_or_leihlolabasotho
MOSALI O HLAHA KHOTLA KA POLAO EA $T$ OA HAE,LS,0.8278,Mokhosi_SN_Zenodo_or_leihlolabasotho
KHAREBE E KOAHELA $T$ LE MATSOELE KA NAMA EA KHOHO,LS,0.7402,Mokhosi_SN_Zenodo_or_leihlolabasotho
BAHOEBI BA LIKHOHO BA TŠOARA $T$ HOSANE,LS,0.7153,Mokhosi_SN_Zenodo_or_leihlolabasotho
$T$ KHAHLANONG LE HO KETOLOA HOA 'MUSO,LS,0.8005,Mokhosi_SN_Zenodo_or_leihlolabasotho
BOIPELAETSO KHAHLANONG LE HO KETOLOA HOA $T$,LS,0.865,Mokhosi_SN_Zenodo_or_leihlolabasotho
$T$ OA MOPARAMENTE OA MEHLENG O HLAHA KHOTLA,LS,0.7706,Mokhosi_SN_Zenodo_or_leihlolabasotho
$T$ BA IKAKHETSE KA HARA SESOLE HAPE HISTORI E EA IPHETA,LS,0.7376,Mokhosi_SN_Zenodo_or_leihlolabasotho
NYEOE EA TONAKHOLO LE MOHATSA OA HAE,LS,0.7915,Mokhosi_SN_Zenodo_or_leihlolabasotho
$T$ O TSIETSIENG EA HO LAHLELOA KE LITHO,LS,0.8557,Mokhosi_SN_Zenodo_or_leihlolabasotho
MOKHA O TSIETSIENG EA HO LAHLELOA KE $T$,LS,0.8255,Mokhosi_SN_Zenodo_or_leihlolabasotho
$T$ BA KHOLA PHALO HA BA ELELLOA HORE BA KENTSOE MEREBELE,LS,0.8107,Mokhosi_SN_Zenodo_or_leihlolabasotho
$T$ O LLELOA KE LITŠEPE KA POLAO EA MOHOLOANE OA HAE,LS,0.7621,Mokhosi_SN_Zenodo_or_leihlolabasotho
HO MONATE MAOATLENG KOANA $T$ BA ILO HAHLOA KE MOEA,LS,0.7304,Mokhosi_SN_Zenodo_or_leihlolabasotho
O TLOHELLA NKHONO EO E LENG $T$ EA HAE O BETA NGOANA,LS,0.7449,Mokhosi_SN_Zenodo_or_leihlolabasotho
HOJA LINAHA LI NE LI NGOLISOA NAHA ENA EKABE E LE NAHA EA LESHALA E SE NANG $T$,LS,0.7957,Mokhosi_SN_Zenodo_or_leihlolabasotho
O TŠOARELOA HO IKETSA $T$ HO MARANG-RANG,LS,0.7266,Mokhosi_SN_Zenodo_or_leihlolabasotho
$T$ LE PHETHOHA KA KOLOI A QETANG HO E UTSOA,LS,0.7116,Mokhosi_SN_Zenodo_or_leihlolabasotho
$T$ O FUMANOA KA NTLOANENG NAKONG EO HO NTSENG HO HULOA MATLOANA,LS,0.7518,Mokhosi_SN_Zenodo_or_leihlolabasotho
NGOANA O FUMANOA KA NTLOANENG NAKONG EO HO NTSENG HO HULOA $T$,LS,0.8677,Mokhosi_SN_Zenodo_or_leihlolabasotho
$T$ EA TŠOAJOANG HAHOLO O LLETSOE KE LITŠEPE,LS,0.8868,Mokhosi_SN_Zenodo_or_leihlolabasotho
$T$ O FELLOA KE BOPHELO KAMORA HO RAHOA MPENG,LS,0.8838,Mokhosi_SN_Zenodo_or_leihlolabasotho
$T$ O KHAMA MOSALI OA HAE HO FIHLELA A NEHELA MOEA,LS,0.7693,Mokhosi_SN_Zenodo_or_leihlolabasotho
MONNA O KHAMA $T$ OA HAE HO FIHLELA A NEHELA MOEA,LS,0.8017,Mokhosi_SN_Zenodo_or_leihlolabasotho
$T$ E PHURA LESHOETLA LE TONAKHOLO EA NAHA EA BOAHISANE,LS,0.8483,Mokhosi_SN_Zenodo_or_leihlolabasotho
$T$ O KHAMA NGOANA OA HAE HO FIHLELA A NEHELA MOEA SETEREKENG,LS,0.8249,Mokhosi_SN_Zenodo_or_leihlolabasotho
MONNA O KHAMA NGOANA OA HAE HO FIHLELA A NEHELA MOEA $T$,LS,0.8191,Mokhosi_SN_Zenodo_or_leihlolabasotho
$T$ O RE SECHABA SE NYATSA LITABANE KAHONA HA A SA HLOLA A LE BEHA KAHARA NAHA,LS,0.7488,Mokhosi_SN_Zenodo_or_leihlolabasotho
MONNA O RE $T$ SE NYATSA LITABANE KAHONA HA A SA HLOLA A LE BEHA KAHARA NAHA,LS,0.7737,Mokhosi_SN_Zenodo_or_leihlolabasotho
$T$ BA 11 BA HLOKAHETSE HA BA BANG BA TSOILE LIKOTSI NAKONG EO THAPO EA KECHE E NENG E KHAOHA MORAFONG,LS,0.8745,Mokhosi_SN_Zenodo_or_leihlolabasotho
BATHO BA 11 BA HLOKAHETSE HA BA BANG BA TSOILE LIKOTSI NAKONG EO THAPO EA $T$ E NENG E KHAOHA MORAFONG,LS,0.7955,Mokhosi_SN_Zenodo_or_leihlolabasotho
BATHO BA 11 BA HLOKAHETSE HA BA BANG BA TSOILE LIKOTSI NAKONG EO THAPO EA KECHE E NENG E KHAOHA $T$,LS,0.8375,Mokhosi_SN_Zenodo_or_leihlolabasotho
$T$ LE PAKILE HAHOLO QOBANG MAETO A THABENG HA JOALE,LS,0.8143,Mokhosi_SN_Zenodo_or_leihlolabasotho
LEHLOA LE PAKILE HAHOLO QOBANG $T$ A THABENG HA JOALE,LS,0.8331,Mokhosi_SN_Zenodo_or_leihlolabasotho
$T$ LE QHOMA NAHENG EA BOAHISANE,LS,0.7946,Mokhosi_SN_Zenodo_or_leihlolabasotho
$T$ O FIHLILE HA HAE A NTSE A BOLOKEHILE,LS,0.9074,Mokhosi_SN_Zenodo_or_leihlolabasotho
NGOANA O IPOLAEA KAMORA HO HLORISOA KE $T$ SEKOLONG,LS,0.7186,Mokhosi_SN_Zenodo_or_leihlolabasotho
$T$ SA NAHA EA BOAHISANE SE HAHARA MAKHOMOSHA,LS,0.8151,Mokhosi_SN_Zenodo_or_leihlolabasotho
$T$ E MONG O HLAHELOA KE TSIETSI HAPE KOLOING EA 4+1,LS,0.9252,Mokhosi_SN_Zenodo_or_leihlolabasotho
$T$ OA MOTSENG O HLABA NTJA HAPE,LS,0.7136,Mokhosi_SN_Zenodo_or_leihlolabasotho
BABELAELLOA POLAONG EA $T$ BA HLAHA KHOTLA,LS,0.7063,Mokhosi_SN_Zenodo_or_leihlolabasotho
O FUMANA $T$ EA HO IPABOLA TŠEBETSONG EA HAE,LS,0.7394,Mokhosi_SN_Zenodo_or_leihlolabasotho
"mohopolo ona wa hore setjhaba ka bophara se ikarabella ntshetsopeleng, paballe hong le tshireletsong ya ngwana e mong le e mong – o a mphihlela ha ke nahana ka tlokotsi e utlwisang bohloko ya lefu la enock mpianzi ya dilemo tse 13, ya sa tswa hlokahalla ka mpong ya leeto la sekolo.",SAS,0.9999,Vukuzenzele_DSFSI_or_govza
"ka maswabi, enock ha se yena feela ngwana ya ileng a hloka hala ka mabaka a ka thibelwang ka botlalo, ha feela batho ba baholo ba ka ba le tlhokomelo le boikarabelo ka tshwanelo.",SAS,0.981,Vukuzenzele_DSFSI_or_govza
"ke boele ke nahane ka keamohe tswe shaun seboko, ya dilemo tse 13, ya ileng a kgaqwa ke metsi haufinyane letamong la ho sesa la sekolo poraemare sa magaliesburg, le bana ba babedi ba hlokahaletseng sekolong sa poraemare sa lekgolo mane limpopo ha lori e ne e thula le bota le ileng la ba wela hodimo.",SAS,0.9995,Vukuzenzele_DSFSI_or_govza
"ha motho a nahana ka bana ba bangata, ba jwalo ka nathlia pienaar, ya dilemo tse tsheletseng, ya ileng a bola uwa dintweng tsa ho thunyana ha maqulwana a dinokwane cape flats.",SAS,0.9995,Vukuzenzele_DSFSI_or_govza
"re boela re hopola ho shwa ka sehloho ha michael komape le lumka mkethwa, ba ileng ba hlokahala ka bobedi ba bona kamora ho wela ka hara mekoti ya matlwana.",SAS,1.0,Vukuzenzele_DSFSI_or_govza
"maphelo a bana bohle, le maphelo a ba bang ba bangata, a ne a sa tlameha ho feela ho hang.",SAS,1.0,Vukuzenzele_DSFSI_or_govza
ditlokotsi tsena tsohle di ka be di thibetswe haeba mekgwa ya thibello e ne e sebedi sitswe ho tshireletsa bana bana ba kotsing.,SAS,0.9998,Vukuzenzele_DSFSI_or_govza
"ke bona eka, jwalo ka se tjhaba, re hloleha ho hlokomela bana ba rona.",SAS,1.0,Vukuzenzele_DSFSI_or_govza
"ke bana ba bangata ba iphumanang ba le kotsing, hore na e ne e le ho etsa lewala nokeng kapa ba siilwe ba le bang ka mokhukhung le lebone la para fini.",SAS,0.9985,Vukuzenzele_DSFSI_or_govza
"kapa ka mohlomong bo radikonteraka ba siya mekoti e epilweng e sa tshireletseha kapa meaho ya sekolo e sa hloko melwa, kapa dipalangwang tsa sekolo tseo ho tsona ho pete tswang bana, maphelo a bana a ba kotsing.",SAS,0.9998,Vukuzenzele_DSFSI_or_govza
empa ho na le bohlaswa le ho se tsotelle mosebetsing.,SAS,1.0,Vukuzenzele_DSFSI_or_govza
"bana ba bangata e ba mahlatsipa a dilalome tsa tlhekefetso ya motabo, ditlolo tsa molao tsa maqulwana a dinokwane le barekisi ba dithethefatsi hobane ba ka ba kotsing ha bonolo.",SAS,0.9901,Vukuzenzele_DSFSI_or_govza
"jwalo ka setjhaba, re tshwanela ho ba sedi re be re ipabole ntlheng ya ho tshireletsa bana ba rona dikotsing tsena esita le tse ding.",SAS,0.9994,Vukuzenzele_DSFSI_or_govza
"jwalo ka setjhaba, re tshwanela ho thea tlwaelo ya ho ba le boikarabelo.",SAS,1.0,Vukuzenzele_DSFSI_or_govza
"re tshwanela ho ba le bo ikarabelo, molemong wa bana ba rona le ba bang.",SAS,0.8619,Vukuzenzele_DSFSI_or_govza
"jwaloka ha re tshwanela ho netefatsa hore bana ba kgona ho holela tikolohong e bolokehileng, ba baletswe mme re hahamalle boemong ba hore re tle re kgone ho ikutlwa re na le boikarabelo ba ho tshireletsa le ho kgathalla bohle bao re ba tsebang, esita le ho buisana le bona.",SAS,1.0,Vukuzenzele_DSFSI_or_govza
re tlameha ho ikutlwa re na le boikarabelo le tsotello mebileng.,SAS,0.9853,Vukuzenzele_DSFSI_or_govza
"leha re amohela phokotseho ya dikotsi mebileng nakong ya sehla sa matsatsi a phomolo a phethelang selemo, se nyarosang ke hore ke batho ba fetang 1,600 ba ileng ba hlo kahalla mebileng ya rona na kong ya kgwedi le halofo feela.",SAS,1.0,Vukuzenzele_DSFSI_or_govza
"se tshosang ke hore bakga nni ba fetang 9,000 ba ile ba kwalelwa ditlolo tsa molao tse kenyeletsang ho kganna tlasa ba tahilwe, lebelo le hodimo, ho kganna ha bohlaswa le ho se tsotelle.",SAS,1.0,Vukuzenzele_DSFSI_or_govza
tlwaelo ya ho nka boikarabelo e bolela hore re tlameha ho dula re kganna hantle re bile re hlompha ditokelo tsa ditaaso le basebedisi ba bang ba mebila.,SAS,0.9994,Vukuzenzele_DSFSI_or_govza
tlwaelo ya ho ba le boikarabelo e bolela hore bontate ba hloka ho ba teng maphelong a bana ba bona.,SAS,0.999,Vukuzenzele_DSFSI_or_govza
"ke basadi ba bangata ba tlamehang ho hodisa bana ba le bang, e leng ntho e fokotsang makgabane a bona le a bana ba bona.",SAS,0.9999,Vukuzenzele_DSFSI_or_govza
tlwaelo ya ho ba le boikarabelo e boela hore re tlameha ho ba le thobalano e bolokehileng hore re se ke ra iphumana re le kotsing ya ho tshwaetswa ke hiv kapa ho tshwaetsa ba bang ka yona.,SAS,1.0,Vukuzenzele_DSFSI_or_govza
ha re a tlameha ho sebedisa jwala le dithethefatsi hampe.,SAS,1.0,Vukuzenzele_DSFSI_or_govza
"re tlameha ho pheella ho phela maphelo a matle hore re tle re pheme mahloko ao e leng hore a ka thibelwa ka hohlehohle, re be re phele maphelo a malelele.",SAS,0.9998,Vukuzenzele_DSFSI_or_govza
"tlwaelo e jwalo ka ena e tlameha ho ananelwa, haholoholo ke bohle ba nang le tshusumetso esita le ba apesitsweng matla a bolaodi setjhabeng, hore na ke baetapele ba sedumedi kapa ba dipolotiki, ba setso kapa dikgalala tse tummeng.",SAS,1.0,Vukuzenzele_DSFSI_or_govza
"ka mantswe le diketso tsa bona, ba tlameha ho batla ho aha setjhaba se betere, seo bohle ba ka se ananelang ba be ba se kgathalle.",SAS,1.0,Vukuzenzele_DSFSI_or_govza
"baetapele ba kgethilweng hammoho le basebetsi ba mmuso, ba tshepetswe boikarabelo ba ho netefatsa hore ho ba le tshireletso le paballo ya baahi.",SAS,1.0,Vukuzenzele_DSFSI_or_govza
ba tlameha ho netefatsa hore ho na le meaho ya sekolo e lekaneng mme e bolokehileng.,SAS,1.0,Vukuzenzele_DSFSI_or_govza
"ba tlameha ho potlakela ho tlaleha haeba ho na le tshitiso phepelong ya metsi dibakeng tsa rona, kapa ha mabone a mebileng a sa sebetse hantle.",SAS,1.0,Vukuzenzele_DSFSI_or_govza
"ba tlameha ho netefatsa hore melao ya bophelo bo botle le ya tshireletso, e a hlokomelwa.",SAS,1.0,Vukuzenzele_DSFSI_or_govza
"hodima mosebetsi o ntseng o tswelapele mmusong ka bophara, mekgahlelong yohle, ho phethahatsa boikarabelo bona, re ile ra tlameha hore ka dinako tse ding re nke dikgato tse sa tlwaelehang.",SAS,0.9998,Vukuzenzele_DSFSI_or_govza
"ho arabela mafung le dikotsing tsa bana tse bakilweng ke ho wela ha bana ka mekoting ya matlwana, re ile ra thakgola lenaneo la safe ho potlakisa phano ya matlwana a tshwanetseng dikolong tsohle naheng.",SAS,0.9997,Vukuzenzele_DSFSI_or_govza
re ile ra romela sesole sa naha sa aforika borwa dibakeng tsa motse kapa e le ho tshehetsa sepolesa matsapeng a sona a ho fokotsa merusu ya maqulwana a dinokwane.,SAS,0.9993,Vukuzenzele_DSFSI_or_govza
"haufinyane tjena, re ile, mmoho le ditho tsa setjhaba, ra kena leanong la karabelo ya tshohanyetso ya ho fedisa dikgoka kgahlano le basadi le bana.",SAS,1.0,Vukuzenzele_DSFSI_or_govza
"empa, ho ntse ho ena le tse ngata tse tshwanelang ho etswa, ke mmuso le setjhaba.",SAS,1.0,Vukuzenzele_DSFSI_or_govza
re thoholetsa batho le mekgatlo eo e itlammeng ka ho nka boikarabelo molemong wa paballo ya ba bang.,SAS,0.9988,Vukuzenzele_DSFSI_or_govza
"ho na le batho ba kang ralph bouwers le mark nicholson, ba hlophisang diketsahalo tsa boithapollo molemong wa batjha mane lavender hill e motse kapa, ho etsetsa hore ba se ke ba kena boqulwaneng ba dinokwane.",SAS,0.9999,Vukuzenzele_DSFSI_or_govza
"ho na le bomme, dikgaitsedi le baradi ba sebetsang e le baithuti ba baithaopi ba operation bobbi bear, mokgatlo o amanzimtoti mane kwazulunatal o fang batjha ba bao e leng mahlatsipa a tlhekefetso lehae.",SAS,0.9643,Vukuzenzele_DSFSI_or_govza
"dihlopha tsa tumelo tse kang seboka sa babishopo ba katolike sa aforika borwa, seo ke ileng ka kopana le sona haufinyane,se ile sa mphetela ka mosebetsi oo se o etsang ho arabela ditlhokong tsa bafutsana, ho tshehetsa ma lapa hore a be le tlhokomelo, a hodise a be a thuse batjha hore ba tobane le diphepetso tseo ba kopanang le tsona.",SAS,0.9999,Vukuzenzele_DSFSI_or_govza
"ka mehlala ya bona, ba re hopotsa hore na ho bolelang ho nka boikarabelo esita le ho ikarabella ho ba bang.",SAS,1.0,Vukuzenzele_DSFSI_or_govza
naha ena e bile le ditlokotsi tse ngata haholo.,SAS,1.0,Vukuzenzele_DSFSI_or_govza
"batjha ba bangata ba ile ba lahlehelwa ke maphelo a bona, le bana ba bangata ba ile ba hlokofala ba ba ba tshoha haholo.",SAS,0.993,Vukuzenzele_DSFSI_or_govza
"re ka fedisa ditlokotsi tsena haeba, kaofela ha rona re nka boikarabelo ba ho hodisetsa bana ba rona motseng o moholo wa aforika borwa.",SAS,1.0,Vukuzenzele_DSFSI_or_govza
"tshehetso ya mokudi e molemo bakeng sa ho fedisa tb dale hes projeke ya afrika borwa ya lefuba ( tb) eo e sebetsang ho yona mmoho le bosebeletsi ba dinaha tse kopaneng bakeng sa ntshetsopele ya matjhaba (usaid) e ipaka hore ke mohlala o nepahetseng wa kamoo mmuso, ditjha ba le mekgatlo eo eseng ya mmuso (dingo) ba ka ko panang hammoho ho fedisa tb ka ho fana ka tshehetso e tshwanelehang ho bakudi .",SAS,1.0,Vukuzenzele_DSFSI_or_govza
"afrika borwa ke yona e boemong bo ka pele ho etella pele twantsho ya tb ka lefatsheng lohle, esita le usaid le bona bo kene ho fana ka tshehetso.",SAS,0.9999,Vukuzenzele_DSFSI_or_govza
"projeke ena ya dilemo tse hlano, e qadileng ka selemo sa 2016, e etswa ka kopane lo le lefapha la naha la tsa bophelo diprovenseng tse robedi tsa afrika borwa.",SAS,0.9999,Vukuzenzele_DSFSI_or_govza
e nngwe ya dikarolo tsa bohlokwa tsa projeke ena ke ho tshehetsa dingo tse teng setjhabeng.,SAS,1.0,Vukuzenzele_DSFSI_or_govza
"projeke ena e fana ka tshehetso ya ditjhelete ho dingo tse 21 tse thusang bakudi ba fetang 3 500, bongata bo phela dibakeng tsa mahaeng.",SAS,0.9998,Vukuzenzele_DSFSI_or_govza
mosamaria provenseng ya freistatamosamaria ke e nngwe ya dingo tse fumanwang mangaung tse fumaneng tshe hetso ya ditjhelete tse tswang projekeng ena.,SAS,0.9993,Vukuzenzele_DSFSI_or_govza
"mokgatlo o na le sehlopha sa basebeletsi ba setjhaba ba bophelo bo botle, molaodi wa projeke esita le mmoloki wa dintlha tsa bohle ba sebeletsang ho etsa bonnete ba hore bakudi ba dula ba sebedisa pheko e le hore ba fole nakong ya dikgwedi tse tsheletseng.",SAS,0.9999,Vukuzenzele_DSFSI_or_govza
"mohokahanyi wa mosama ria e leng trudie harrison o re: ""re hirile bahlokomedi ba 74 bakeng sa projeke ena.",SAS,0.9921,Vukuzenzele_DSFSI_or_govza
"qalong re sebeditse le baku di ba 200, hamorao bakudi ba 400, ka hara kontraka ya jwale re na le bakudi ba 500 bao re sebetsang le bona ka letsatsi le letsatsi.",SAS,0.9936,Vukuzenzele_DSFSI_or_govza
"bakudi ba fetisetswa ho rona ha ba se ba lekotswe mme ho tiisitswe hore ba na le tshwaetso ya tb ditleliniking tse robong tsa masepalamoholo wa mangaung"".",SAS,1.0,Vukuzenzele_DSFSI_or_govza
mosamaria e etsa matsho lo a ho kena ntlo le ntlo ho fumana bakudi ba batjha ba tb le ho ba kenyeletsa phe kolong ena ka potlako.,SAS,1.0,Vukuzenzele_DSFSI_or_govza
"harrison o re mosebetsi wa mosamaria o fokoditse sekgobo se mabapi le tb, o theile dikamano tse tiileng le setjhaba o bile wa lebisa ho ditekanyetso tse betere tsa phekolo e atlehileng.",SAS,0.9852,Vukuzenzele_DSFSI_or_govza
harrison o pheta pale ya e mong wa bakudi ba mosa maria.,SAS,0.8046,Vukuzenzele_DSFSI_or_govza
"o ile a tshehetswa ka letsatsi le letsatsi ke mo hlokomedi wa mosamaria, ya ileng a etsa bonnete ba hore o nwa dipidisi tsa hae ka letsatsi le letsatsi, a bile a mo thusa ka phofo le diaparo tse ntjha.",SAS,0.9991,Vukuzenzele_DSFSI_or_govza
"harrison o re: ""o ile a sebedisa pheko yohle mme a fola.",SAS,0.9982,Vukuzenzele_DSFSI_or_govza
"o ile a kgutlela mose betsing ka lebaka la hobane ramosebetsi a mmoloketse mosebetsi wa hae"".",SAS,1.0,Vukuzenzele_DSFSI_or_govza
"tseba matshwao a tb haeba o na le a mang a matshwao ana a latelang, o lokela ho etela tleliniki ya heno e haufi kapa sepetlele bakeng sa ho etsa diteko tsa tb: ho kgohlela sebaka sa dibeke tse tharo kapa ho feta moo; ho tswa madi ha o kgohle la; mahlaba ka sefubeng, kapa ho utlwa bohloko ha o phefumoloha kapa o kgohlela; ho fokollwa ke boima ba mmele o sa ikemisetsa; mokgathala; feberu/mokgohlane.",SAS,1.0,Vukuzenzele_DSFSI_or_govza
"thuso bakeng sa baahi ba habo rona ba tlokotsing vukuzenzele unnamed dinaha tse ngata lefatsheng ka bophara di qobelletse ho kginwa ha metsamao ya batho le ditshebeletso tseo e seng tsa mantlha, ka sepheo sa ho pholosa maphelo a baahi ba tsona.",SAS,1.0,Vukuzenzele_DSFSI_or_govza
"le rona re entse jwalo naheng ena ya rona, empa ho kgina ha rona ha metsamao ya batho le ditshebeletso tseo e seng tsa mantlha ho senotse diphoso tse bohloko haholo setjhabeng sa habo rona, tse utollang kamoo bofuma, ho se lekane le leqeme la mesebetsi di ruthuthang maphelo a baahi ba habo rona ka teng.",SAS,1.0,Vukuzenzele_DSFSI_or_govza
"ha ho ntho e sithabetsang maikutlo ho feta ha bana ba lla ka tlala ho motswadi, empa yena a hloka dijo tseo a ka ba fepang tsona.",SAS,1.0,Vukuzenzele_DSFSI_or_govza
"ha ho tlhokeho ya toka e kgolo ho feta eo ho yona ba bang setjhabeng ba phelang ka boiketlo mme ba hafa ka nkatana, ha ba bang ba hula ka falese ho iphedisa ka bonyane boo ba nang le bona, kapa ba se na letholetho.",SAS,1.0,Vukuzenzele_DSFSI_or_govza
"ehlile, tsena ke ditlamorao tsa masalla a nako e fetileng e neng e le ya bohanyapetsi le ho se lekane.",SAS,0.9999,Vukuzenzele_DSFSI_or_govza
empa hape ke letshwao la bohlokwa le bontshang ho hloleha ha setjhaba sa habo rona kamora ho fela ha puso ya kgethollo.,SAS,1.0,Vukuzenzele_DSFSI_or_govza
"ho kginwa ha metsamao ya batho le ditshebeletso tseo e seng tsa mantlha naha ka bophara e le karabelo ho kokwanahloko ya corona , ho mpefaditse le ho feta mathata ana a neng a se a le teng ka nako e telele.",SAS,0.9999,Vukuzenzele_DSFSI_or_govza
"dibekeng tse mmalwa tse fetileng, re ile ra bona ditshwantsho tse sithabetsang maikutlo tsa batho ba mathateng ha ba ne ba seohela diphuthelwana tsa dijo ditsing tsa nanabetso, hammoho le boipelaetso ba setjhaba kgahlanong le kgaello ya dijo.",SAS,0.9972,Vukuzenzele_DSFSI_or_govza
"diprovense tse ngata di fumane ditlaleho tsa hore batho ba kgopo, bao ba bang ba bona ho thweng ke bahlanka ba mmuso, ba a inyafela kapa ba rekisa diphuthelwana tsa dijo tse reretsweng bahloki le bafumanehi, kapa ba di fetisetse ho metswalle le ba malapa a bona.",SAS,1.0,Vukuzenzele_DSFSI_or_govza
"haeba ho ka fumanwa hore diqoso tsena ke nnete, re tla itoma o katlase ha re sebetsana le bao ba amehang.",SAS,1.0,Vukuzenzele_DSFSI_or_govza
"ka ho tsebahatsa maemo a koduwa ya naha le ho kenngwa tshebetsong ha ho kginwa ha metsamao ya batho le ditshebeletso tseo e seng tsa mantlha naha ka bophara, re kene mothating o motjhatjha ho rona.",SAS,1.0,Vukuzenzele_DSFSI_or_govza
afrika borwa ha e so ka e iphumana e tlameha ho sebetsana le maemo a toma hakana a tshohanyetso ya bophelo bo botle ba setjhaba.,SAS,0.9999,Vukuzenzele_DSFSI_or_govza
re ile ra tlameha ho phahamela mapoqo e le hore re pholose maphelo.,SAS,0.9978,Vukuzenzele_DSFSI_or_govza
"ebile re tshwanela le ho ananela hore matsatsing le dibekeng tse ileng tsa latela, phano ya tshehetso baahing ba habo rona ba tlokotsing ka ho fetisisa e bile monyebe ho feta kamoo ho hlokehang ka teng, mme ho na le moo ho bileng le difanya teng.",SAS,1.0,Vukuzenzele_DSFSI_or_govza
"leha ho le jwalo, ditefello tsa ditjhelete tsa dithuso tsa mmuso di batla di tsamaile hantle, mme kamora diqholotso tse ngatanyana tsa setekgeniki, tsamaiso ya nanabetso ya dijo e ntse e tjhoriswa.",SAS,0.9993,Vukuzenzele_DSFSI_or_govza
"ho qobella ho kginwa ha metsamao ya batho le ditshebeletso tseo e seng tsa mantlha ka nako e kgutshwane naha ka bophara, ho bile le diqholotso tse ngatanyana.",SAS,1.0,Vukuzenzele_DSFSI_or_govza
re ile ra lokela ho sekaseka sekgahla sa karabelo ya naha le hore na ke dithibelo tse toma hakae tseo re tla tshwanela ho di qobella.,SAS,0.9998,Vukuzenzele_DSFSI_or_govza
qetellong re ile ra kgetha hore re mpe re nke lehlakore la ho ipaballa.,SAS,0.999,Vukuzenzele_DSFSI_or_govza
"jwaloka ha pehelo ya lefapha la bophelo bo botle e sa tswa bontsha, ho qobella ho kginwa ha metsamao ya batho le ditshebeletso tseo e seng tsa mantlha ka nako eo re ho entseng ka yona, ho fokoditse sekgahla sa tshwaetso mme ntho e leng ya bohlokwahlokwa, ke hore ho re file nako e ntle ya ho itokisetsa ho eketseha ha ditshwaetso ho ka nnang ha etsahala dibekeng le dikgweding tse tlang.",SAS,1.0,Vukuzenzele_DSFSI_or_govza
"re ile ra tshwanela ho e nkela hloohong mabapi le nako e telele le e kgutshwane taba ena ya thefuleho e tla ba teng moruong ona o seng o thekesela, esita le sefutho sa tshitiso ena maphe long a matle a dimilione tsa batho.",SAS,0.9817,Vukuzenzele_DSFSI_or_govza
"re ile ra tshwanela ho e nkela hloohong taba ya hore ebe dibekeng tsena tsa ho ikwalla ka malapeng, ho tla bolela eng ho ba sebetsang empa ba sa amohele meputso ya bona ya kamehla, ho ba sa sebetseng ho hang le ba tsomang mesebetsi, ho ba sebetsang mesebetsi ya nakwana kapa ya dihla tse itseng, ho ba lekala la baitshokodi, ho bahloki le bao ba tlokotsing.",SAS,1.0,Vukuzenzele_DSFSI_or_govza
"kabinete e tla phethela mekgwa ya ho arabela thefulehong ena ya ho kginwa ha metsamao ya batho le ditshebeletso tseo e seng tsa mantlha, maphelong a batho ba habo rona.",SAS,0.9999,Vukuzenzele_DSFSI_or_govza
"sena se ile sa etellwa pele ke letoto la dipuisano hammoho le ba bangatanyana ba amehang, ho akga ba dikgwebo, bosebetsi, mekgatlo ya bodumedi, setjhaba ka kakaretso esita le lekgotla la boeletsi ba moruo la moporesidente.",SAS,0.9977,Vukuzenzele_DSFSI_or_govza
"balekane ba kahisanong ba tlile le ditshisinyo tse ngata mabapi le bokenadipakeng bo ka thusang ho rarolla tlokotsi e renang ya ba kojwana di mahetleng, bao boholo ba bona bo tshepetseng dithusong tsa mmuso hore ba phele.",SAS,0.9996,Vukuzenzele_DSFSI_or_govza
"re tla ntlafatsa phano ya thekolohelo nakong ena, e le ho thusa malapa a kollang ntsi hanong.",SAS,1.0,Vukuzenzele_DSFSI_or_govza
"leha ho kginwa hona ha metsamao ya batho le ditshebeletso tseo e seng tsa mantlha ho ka emiswa, ditlamorao tsa teng di tla nne di tswelepele ho utlwahala ka nako e telele e tlang.",SAS,0.9999,Vukuzenzele_DSFSI_or_govza
"bao ba nang le lehlohonolo la hore ba na le lekeno le tsitsitseng ba tla kgona ho kgutlela mesebetsing ya bona; empa bakeng sa dimilione tse ding ena e tla ba kgwedi ya ho qetela moo ka mohlomong ho yona ba neng ba ka iphumanela mesebetsi ya nakwana, ba iketsetsa dikgwebo lekaleng la baitshokodi kapa ba boloke tjhelete eo ba e amohetseng e neng e tla ba thusa ka maikarabelo a malapa a bona.",SAS,1.0,Vukuzenzele_DSFSI_or_govza
tshehetso ya ho fana ka dijo ke tharollo ya nako e kgutshwane ya tshohanyetso.,SAS,0.9998,Vukuzenzele_DSFSI_or_govza
"e tla tshwanela ho nyalanngwa le ditharollo tsa nako e telele tse thusang baahi ba habo rona ba tlokotsing ka ho fetisisa, hore ba lebahanye thebe le dinako tse boima tse ntseng di tla latela.",SAS,0.9998,Vukuzenzele_DSFSI_or_govza
"ke batla ho leboha mekgatlo e mengata eo e seng ya mmuso (dingo), mekgatlo ya bodumedi le baahi ka kakaretso ba nyehelang ka tjhelete le boithaopo ba ho thusa ho fepa bao maphako a bona a ubang esita le ba kojwana di mahetleng.",SAS,0.9999,Vukuzenzele_DSFSI_or_govza
ho fedisa tlala ha se ketso ya thekolohelo.,SAS,1.0,Vukuzenzele_DSFSI_or_govza
ke tshwanelo bake ng sa setjhaba sefe kapa sefe se bopelletsweng ka tlhompho ya ditokelo tsa botho.,SAS,0.9989,Vukuzenzele_DSFSI_or_govza
"ke etsa kgoeletso ho e mong le e mong hore a dule a fadimehile, a tswelepele ho ikobela melawana, a ipoloke a bolokehile a be a boloke le ba bang ba bolokehile.",SAS,1.0,Vukuzenzele_DSFSI_or_govza
re le mmuso re tla dula re ntse re fana ka lesedi le mabapi le bokenadipakeng boo re bo etsang ka kotloloho ho sireletsa baahi ba bo rona ba tlokotsing ka ho fetisisa kgahlanong le sekoboto.,SAS,0.9999,Vukuzenzele_DSFSI_or_govza
"hara mathata a mang a mangata ao batho ba habo rona ba tobaneng le wona mothating ona, taba ya ho ipotsa hore na ba tla fumana dijo tse ding hokae ha e a tshwanela ho ba enngwe ya dipotso tseo ba ipotsang tsona.",SAS,0.9999,Vukuzenzele_DSFSI_or_govza
demokerasi ya rona e tla re thusa ho hlola covid 19 vukuzenzele unnamed hangata re nka demokerasi ya rona e hlwahlwa le e matla hanyane.,SAS,0.9996,Vukuzenzele_DSFSI_or_govza
feela e batla e le sesebediswa sa rona se seholo ka ho fetisisa mabapi le ntwa ya rona ya ho hlola sewa sa kokwanahloko ya corona.,SAS,0.9998,Vukuzenzele_DSFSI_or_govza
re na le baahi ba tsebang haholo ka dipolotiki lefatsheng.,SAS,0.9999,Vukuzenzele_DSFSI_or_govza
"diphuputso tse entsweng ke setsi sa diphuputso sa pew ka 2018 se bontsha hore maafrika borwa a kgona ho nka kgato ya sepolotiki ka matla mabapi le dintlha tse ba ngongorehisang haholo, tse kang tlhokomelo ya kalafo, thuto, bolokolohi ba puo le bobodu.",SAS,0.992,Vukuzenzele_DSFSI_or_govza
diphuputso di thathiselletsa haholo ka seo re seng re se tseba ka rona.,SAS,0.9928,Vukuzenzele_DSFSI_or_govza
re thabela ho buisana ka matla le mmuso wa rona le ka bo rona mabapi le ditaba tse tjhesang tsa letsatsi.,SAS,1.0,Vukuzenzele_DSFSI_or_govza
"re na le setjhaba se itahlelang ka setotswana ditabeng tsa letsatsi ka leng, se dulang se ikemiseditse ho sireletsa ditokoloho le ditokelo tsa rona tsa mantlha.",SAS,0.9996,Vukuzenzele_DSFSI_or_govza
e nngwe ya ditlholo tsa rona tsa demokerasi ke hore moafrika borwa e mong le e mong o dumela hore molaotheo o a mo sireletsa le hore makgotla a dinyewe a hloka leeme le ho ba moahlodi ya sa nkeng lehlakore mabapi le dikgahlehelo tsa bona.,SAS,0.9994,Vukuzenzele_DSFSI_or_govza
ke ile ka nahana ka ditaba tsena moraorao tjena ha ke ne ke etetse kapa botjhabela ho ya lekola boemo ba boitokisetso ba provense eo mabapi le kokwanahloko ya corona.,SAS,1.0,Vukuzenzele_DSFSI_or_govza
moqolotsi wa ditaba o ile a mpotsa haeba ke tshwenyehile ka qoso e motjheng ya ho phephetsa dipehelo tse ding tsa molao wa taolo ya dikoduwa.,SAS,1.0,Vukuzenzele_DSFSI_or_govza
molao ona ke motheo wa melawana yohle e phatlaladitsweng tlasa maemo a koduwa ya naha ao re a tsebahaditseng ho lwantsha kokwanahloko ya corona.,SAS,0.9971,Vukuzenzele_DSFSI_or_govza
"esale koduwa ena e qala, batho ba bangata ba sebedisitse tokelo ya bona ya ho leba makgotleng a dinyewe.",SAS,0.9997,Vukuzenzele_DSFSI_or_govza
melawana ya ho kginwa ha ditshebeletso le metsamao ya batho e ile ya phephetswa bekeng ya pele feela ya ho kginwa ha ditshebeletso ke moahi wa mpumalanga ya neng a batla ho kotelwa thibelong ya ho ya lepatong.,SAS,1.0,Vukuzenzele_DSFSI_or_govza
"dibekeng tse supileng tse latelang, ho bile le diphephetso tsa semolao ho tswa bathong ba bangata, mekgatlong ya bodumedi, mekgeng ya dipolotiki, mekgatlong eo e seng ya mmuso (dingo) le mekgatlong ya dikgwebo kgahlanong le tsela e le nngwe kapa ho feta ya dipehelo tsa ho kginwa ha ditshebeletso tse neng di sa ba thabisi.",SAS,0.9995,Vukuzenzele_DSFSI_or_govza
ba bang ba atlehile diphephetsong tsa bona tsa semolao mme ba bang ha ba a atleha.,SAS,0.9999,Vukuzenzele_DSFSI_or_govza
ba bang ba ile ba leba kgotla ka le reng mabaka a bona a potlakile mme diphephetso tsa mabaka a bona a potlakileng di ile tsa qhalwa mme ba bang ba ile ba fumana metjha e meng bakeng sa thuso eo ba neng ba e batla.,SAS,0.9902,Vukuzenzele_DSFSI_or_govza
ba bang ba qetelletse ba hutse dikopo tsa bona ho latela dipuisano tsa bona le mmuso.,SAS,0.9996,Vukuzenzele_DSFSI_or_govza
"leha re ne re rata ho phema tlhokeho ya diqoso kgahlanong le mmuso, re lokela ho amohela hore baahi ba sa kgotsofalang ke mohato ofe kapa ofe oo mmuso o entseng qeto ya ho o kenya tshebetsong ba na le tokelo ya ho leba makgotleng bakeng sa thuso leha e le efe eo ba e batlang.",SAS,1.0,Vukuzenzele_DSFSI_or_govza
sena ke tokelo e tlwaelehileng ya demokerasi ya molaotheo mme ke tlwaelo e amohelehang ka ho phethahala naheng e thehilweng hodima tshebetso ya molao.,SAS,1.0,Vukuzenzele_DSFSI_or_govza
re na la ditsela tsa tekolo le tlhahlobo ya ho netefatsa hore ntlha leha e le efe ya puso e kgona ho emela ho shebisiswa ha molaotheo.,SAS,1.0,Vukuzenzele_DSFSI_or_govza
"moo re nang le dikgaello, re tla lebellwa ho ikarabella makgotleng a rona a dinyewe mme, hodima tsohle, ke baahi ba rona.",SAS,1.0,Vukuzenzele_DSFSI_or_govza
"ntle le makgotla a rona a dinyewe, ditheo tse tshehetsang puso tsa rona di teng bakeng sa ho matlafatsa ditokelo tsa baahi, jwalo feela ka ha ho etswa ke makala a fuweng mosebetsi wa ho beha leihlo makala a qobello ya molao.",SAS,1.0,Vukuzenzele_DSFSI_or_govza
"jwaloka ha ke ile ka jwetsa moqolotsi eo wa ditaba, moafrika borwa e mong le e mong o na le tokelo ya ho leba makgotleng a dinyewe mme le nna, jwaloka moporesidente, nkeke ka ema tseleng ya mang kapa mang ya sebedisang tokelo eo.",SAS,0.9998,Vukuzenzele_DSFSI_or_govza
"ho bile le, mme ho tla dula ho na le, ditlhaselo le ho se utlwane ho matla ka dintlha tse ngata tsa karabelo ya rona ya naha ho kokwanahloko ya corona, ho tloha ho dimotlolo le bolepi tsa tlhahisoleseding, ho ya ho ditlamorao tsa moruo tsa ho kginwa ha ditshebeletso le ho ya melawaneng.",SAS,1.0,Vukuzenzele_DSFSI_or_govza
re le mmuso ha re so ka re thibela hore ho be le ditlhaselo mme di sitiswe kapa di kgutsiswe.,SAS,0.9999,Vukuzenzele_DSFSI_or_govza
"ka nqae nngwe, tlhaselo, ha e le e ahang, e re thusa ho amohela le ho nka mehato ka potlako karabelong ya maemo a fetohang.",SAS,1.0,Vukuzenzele_DSFSI_or_govza
e matlafatsa dingangisano tsa phatlalatsa le ho re neha kutlwisiso e batsi ya maemo a ditaba.,SAS,0.8957,Vukuzenzele_DSFSI_or_govza
"esale re ikema ka hore re tshepetse hodima tlhahisoleseding ya saense, moruo le e tshwarehang ha re tla tabeng ya ho etsa diqeto le ho bopa melawana e mabapi le karabelo ho kokwanahloko ya corona.",SAS,1.0,Vukuzenzele_DSFSI_or_govza
"re leka ka matla kahohle kamoo re ka kgonang tlasa diqholotso tsena tse boima, ho kena ditherisanong le dipuisanong.",SAS,0.9998,Vukuzenzele_DSFSI_or_govza
re batla hore maafrika borwa kaofela e be karolo ya boiteko bona ba naha.,SAS,0.9921,Vukuzenzele_DSFSI_or_govza
maikutlo a moahi e mong le e mong a lokela ho mamelwa nakong e hlokolosi jwaloka ena ho sa natswe maemo a hae.,SAS,1.0,Vukuzenzele_DSFSI_or_govza
sewa sa kokwanahloko ya corona le mehato eo re e nkileng ya ho e lwantsha se thefutse batho ba bo rona haholo.,SAS,0.9995,Vukuzenzele_DSFSI_or_govza
"leha re ka supa kgatelopele eo re e entseng mabapi le ho diehisa ho nama ha kokwanahloko ena, tsela ya rona e sa le telele.",SAS,1.0,Vukuzenzele_DSFSI_or_govza
dibeke le dikgwedi tse tlang e tla ba tse boima mme ho tla batleha hore batho ba bo rona ba sebetse haholo ho feta.,SAS,1.0,Vukuzenzele_DSFSI_or_govza
kahoo sewa sena se tla dula se behile kgatello hodima setjhaba le ditheo tsa bo rona.,SAS,1.0,Vukuzenzele_DSFSI_or_govza
"leha re ntse re bula moruo butlebutle, kgahlamelo ya sona hodima maemo a ditlhoko tsa batho e tla ba e bohloko.",SAS,0.998,Vukuzenzele_DSFSI_or_govza
"ha feela maemo a ntse a le tjena, kgonahalo ya diqhwebeshano, ho se utlwane le ho se kgotsofale e tla ba dintho tsa kamehla.",SAS,1.0,Vukuzenzele_DSFSI_or_govza
"ha re ntse re lwantshana le maqhubu ana a matla, molaotheo wa rona ke ona motataisi wa rona wa bohlokwa le tshireletso e babatsehang.",SAS,0.9896,Vukuzenzele_DSFSI_or_govza
demokerasi ya rona e matla e fana ka matla le boitseko boo re bo hlokang bakeng sa ho hlola koduwa ena.,SAS,0.9991,Vukuzenzele_DSFSI_or_govza
"jwalo feela kaha mmuso o ananela hore bongata ba ba hlahlelang dinyewe kgotla ba etsa seo molemong wa bohle, le rona re lokela ho ananela hore diqeto tse nkuweng ke mmuso di entswe ka maikemisetso a matle mme di reretswe ho ntshetsapele, mme e seng ho thunthetsa, dikgahlehelo tsa maafrika borwa.",SAS,1.0,Vukuzenzele_DSFSI_or_govza
taba ya rona e ka sehlohlolong ke ho baballa maphelo.,SAS,0.9972,Vukuzenzele_DSFSI_or_govza
qeto ka nngwe ya rona e bakwa ke tlhokeho ya ho ntshetsapele ditokelo tsa bophelo le seriti jwaloka ha di tekilwe ka hara molaotheo wa rona.,SAS,0.9999,Vukuzenzele_DSFSI_or_govza
re tla tswella ho amohela mehopolo – leha e fapana – e mabapi le karabelo ya rona ya naha ho kokwanahloko ya corona.,SAS,1.0,Vukuzenzele_DSFSI_or_govza
mehopolo kaofela e re thusa ho sebetsa betere le ka bokgabane.,SAS,0.9998,Vukuzenzele_DSFSI_or_govza
"ho sebedisa ditokelo tsa mantlha tsa ho itseka, tsa boikamahanyo le puo ke sekala sa boitekanelo ba demokerasi ya rona.",SAS,0.95,Vukuzenzele_DSFSI_or_govza
"feela ho feta moo, ditokelo tsena di bohlokwa bakeng sa katleho ya ntwa ya rona ya naha le e kopanetsweng ya ho hlola kokwanahloko ya corona.",SAS,0.9999,Vukuzenzele_DSFSI_or_govza
batjha ba afrika borwa ke mohlodi wa kgothatso le tshepo vukuzenzele unnamed ka dinako tsohle ha ke fumana monyetla wa ho bua le batjha ba maafrika borwa ke hopola mantswe a frantz fanon ha a re ‘moloko ka mong o tlameha ho utolla sepheo sa ona'.,SAS,0.9999,Vukuzenzele_DSFSI_or_govza
"ho sa natsehe hore na ba dula hokae le hore na ba etsa eng, batjha ka bomong ba na le tjheseho ya ho fetola lefatshe.",SAS,1.0,Vukuzenzele_DSFSI_or_govza
"leha jwang kapa jwang ba batla hore ba ntlafatse maphelo a bona, ba boetse ba batla ho ﬁ hlella boemong ba setjhaba se betere le lefatshe le betere.",SAS,1.0,Vukuzenzele_DSFSI_or_govza
ba ipona e le bona balwanedi ba diphetoho tsa bohlokwa.,SAS,0.9466,Vukuzenzele_DSFSI_or_govza
nalaneng yohle ya rona haesale batjha e le bona ba susumetsang diphetoho.,SAS,1.0,Vukuzenzele_DSFSI_or_govza
"dilemong tse mashome a mmalwa tse fetileng, batjha ba ile ba lwana dintwa tse ngatanyana kgahlanong le tlhokeho ya toka, ho tloha boipelaetsong ba baithuti ba paris ka 1968, ho ya ntweng e kgahlanong le bokoloniale dinaheng tse ngata tsa afrika le asia, e be ntwa e kgahlanong le kgethollo, hammoho le mehwanto e kgahlanong le mebuso ya maarab.",SAS,0.9995,Vukuzenzele_DSFSI_or_govza
"haufinyane, batjha ba ne ba di hula pele mohwantong wa #blacklivesmatter o fumaneng tshehetso lefatsheng lohle kamora ho bolauwa ha george floyd dinaheng tse kopaneng tsa amerika.",SAS,0.9999,Vukuzenzele_DSFSI_or_govza
"dibekeng tse mmalwa tse fetileng, baitseki ba lefatshe ka bophara ba ne ba tseka hore ho tloswe matshwao a tlotlang bohanyapetsi le botlatlapi ba thekisetsano ya makgoba le bokoloniale.",SAS,0.9822,Vukuzenzele_DSFSI_or_govza
"dipontshong tsa nyatso tsa moraorao tsa yunivesithi ya oxford, moipelaetsi e mong o ne a tshwere polakathe e ngotsweng mantswe a reng ‘rhodes must fall’, e le ho tshehetsa seboko sa baithuti ba naheng ya habo rona sa dilemong tse hlano tse fetileng.",SAS,0.9983,Vukuzenzele_DSFSI_or_govza
batjha ba fumane mabaka a tshwanang lefatsheng ka bophara.,SAS,0.7763,Vukuzenzele_DSFSI_or_govza
"ba heletsa diemahale le matshwao a semorabe, e le ho tseka hore ho tloswe bokoloniale dikharikhulamong tsa thuto, ba bile ba etsa kgoeletso ditheong tsa thuto hore di rarolle bothata ba semorabe le ho kotelwa ha setjhaba se itseng.",SAS,1.0,Vukuzenzele_DSFSI_or_govza
"jwale, ha re hlompha moloko wa 1976 ka la 16 phuptjane 2020, re boela re tlotla batjha ba kamorao ho puso ya kgethollo afrika borwa, bao e leng bona bajalefa ba bohlokwa ba lefa lena le kgabane.",SAS,0.9991,Vukuzenzele_DSFSI_or_govza
sepheo sa moloko wa 1976 e ne e le ho fedisa thuto e neng e reretswe batho ba batsho feela; mme sepheo sa batjha ba kajeno ke ho ntshetsa pele letsema la naha la poelano le diphetoho tsa bohlokwa.,SAS,0.9998,Vukuzenzele_DSFSI_or_govza
"mengwaheng e tlang ha ho buuwa ka selemo sena sa 2020, ho tla thwe e bile letshwao la qaleho ya sehla se setjha nalaneng ya botho.",SAS,1.0,Vukuzenzele_DSFSI_or_govza
"kokwanahloko ya corona ha e a thefula maphelo a batho le mesebetsi ya bona feela, empa e boetse e hlokotse botsitso ba kahisano ya lefatshe lohle.",SAS,0.9999,Vukuzenzele_DSFSI_or_govza
"mokgwa oo sewa sena se ropohileng ka wona ebile sehopotso sa ho amana ha batho bohle, le botebo ba ho se lekane ho teng dipakeng tsa dinaha tse fapaneng esita le kahare ho dinaha ka botsona.",SAS,1.0,Vukuzenzele_DSFSI_or_govza
"sewa sena se fana ka monyetla wa ho ‘hlophabotjha’ lefatshe lena le kgurumeditsweng ke bowatla ba maruo, boikgohomoso le boikakaso e seng lehlakoreng la batho ka bomong feela, empa le la ditjhaba tsohle.",SAS,0.9999,Vukuzenzele_DSFSI_or_govza
"batjha ba re bolella hore makgabane a mantlha a seriti, kutlwelanobohloko le tshehetsano di tlameha ho ba matshwao a boitsebahatso a setjhaba se setjha se tla bitoha, mme bona ba ikemiseditse ho ba bopulamadiboho ba lefatshe leo le letjha le betere.",SAS,1.0,Vukuzenzele_DSFSI_or_govza
"metshetshethong eo ke bileng le yona le batjha, ke ile ka re ha re a tshwanela ho hang ho nyatsa matla a maikutlo, hobane maikutlo a ka fetola ebile a se a kile a fetola lefatshe.",SAS,1.0,Vukuzenzele_DSFSI_or_govza
maikutlo a ne a susumetse kgatelopele ya batho mme ke ona a tla re thusa ho kutla tsela ya rona ka nqane ho sehla sa kokwanahloko ya corona.,SAS,0.9986,Vukuzenzele_DSFSI_or_govza
batjha bana ba kgonne ho fetola maikutlo a bona hore e be diketsahalo.,SAS,1.0,Vukuzenzele_DSFSI_or_govza
ha ba a dumella kgaello ya mehlodi hore e ba sitise.,SAS,0.9999,Vukuzenzele_DSFSI_or_govza
"ba ikgahetse diqhobosheane makaleng a mangatanyana, ho tloha boitjarong ba nako e telele ho tsa theknoloji ya maemo a hodimo hammoho le tsa tikoloho.",SAS,1.0,Vukuzenzele_DSFSI_or_govza
"mothating wa jwale, ho feta neng kapa neng, re tla lelaletsa mahlo a rona tjantjellong ya bosibolli le botshwarateu ba batjha ba habo rona hore ba tle le ditharollo dikoduweng tsena tsa leqeme la mesebetsi tse tla thusa bona, dibaka tsa habo bona esita le setjhaba sa habo bona.",SAS,1.0,Vukuzenzele_DSFSI_or_govza
"ka ho tshwanang, ke qholotsa batjha ba naha ya habo rona hore ba rale mananeo a tla re thusa ho ﬁ hlella dipheo tsa rona tsa dintshetsopele.",SAS,1.0,Vukuzenzele_DSFSI_or_govza
"ka 1961, cuba e neng e fetotse puso e ile ya romela matshweletshwele a batjha ba baithuti ba baithaopi dithabeng le metsaneng hore ba ilo aha dikolo, ba ilo ruta ho bala le ho ngola ba be ba rupelle le dititjhere tse ntjha.",SAS,0.9998,Vukuzenzele_DSFSI_or_govza
le kajeno letsholo leo le ntse le nkuwa e le lona le atlehileng ka ho fetisisa matsholong a ho bala le ho ngola nalaneng ya moraorao.,SAS,1.0,Vukuzenzele_DSFSI_or_govza
batjha ba habo rona ba tlameha ho ntshetsa pele mehato ya ntlafatso ba be ba e etelle pele.,SAS,1.0,Vukuzenzele_DSFSI_or_govza
"jwaloka ha ba ile ba e nkela matsohong a bona ntwa ya tekano thutong e phahameng, makgabane a mangatanyana a batjha ba habo rona a tlameha ho tataisetswa ho lwaneleng phihlello e lekanang tlhokomelong ya tsa bophelo bo botle, diphetohong tsa bohlokwa boithuelong ba mobu, esita le ya bohlokwahlokwa, e leng bakeng sa toka ya bong.",SAS,0.9995,Vukuzenzele_DSFSI_or_govza
"jwaloka maafrika borwa a mang ohle, ke tshwenyehile haholo ke sekgahla sa diphenetho tsa basetsana ba fenethwang ke banna.",SAS,0.9998,Vukuzenzele_DSFSI_or_govza
tsena ke diketso tse nyarosang tsa bosoto tse sa batleheng ho hang setjhabeng sa habo rona.,SAS,1.0,Vukuzenzele_DSFSI_or_govza
"boitseki ba setjhaba bo etelletsweng pele ke batjha, ho etsa tlhokomediso le tlhabollano, ke disebediswa tsa bohlokwa mawaleng a rona a ho fedisa ditlhekefetso tse amanang le bong (gbv) setjhabeng sa habo rona.",SAS,0.9999,Vukuzenzele_DSFSI_or_govza
"ka ho tshwanang, re tlameha ho matlafatsa tsamaiso ya rona ya toka, re netefatse hore babolai ba a tshwarwa, ho be ho thatafatswe maemo a beili le parola, le hore bao ba ahloletsweng lefu ba qete dilemo tsohle tsa bophelo ba bona ba le tjhankaneng.",SAS,1.0,Vukuzenzele_DSFSI_or_govza
"leha taba ena e hloka hore setjhaba sohle se nke dikgato, ke etsa kgoeletso haholoholo ho bahlankana, hore ba e nkele ho bona ntwa e kgahlanong le gbv .",SAS,1.0,Vukuzenzele_DSFSI_or_govza
"ho ﬁ hlela re fedisa ntwa e latilweng letailana kgahlanong le basadi ba afrika borwa, tabatabelo ya rona ya hore ho be teng kahisano e ntjha e tla dula e le lelea.",SAS,0.9996,Vukuzenzele_DSFSI_or_govza
"bao ba rona ba neng ba le karolo ya mekgatlo ya baithuti nakong ya puso ya kgethollo, ba atisa ho botswa hore na ba nahana eng ka batjha ba kajeno.",SAS,0.9992,Vukuzenzele_DSFSI_or_govza
"ho na le takatso ya hore eke ho ka kgutlelwa morao ‘matsatsing a tlotla’ ya dipolotiki tsa baithuti le ntwa ya batjha, empa tseo di ke ke tsa hlola di phetwa hape.",SAS,1.0,Vukuzenzele_DSFSI_or_govza
"empa he, jwaloka ha batjha ba maoba ba ile ba talola sepheo sa bona, le batjha ba kajeno ba talotse sa bona.",SAS,1.0,Vukuzenzele_DSFSI_or_govza
maemo a batjha ba afrika borwa ba 2020 a ka nqane ho maemo a hodimo a siilweng ke batjha ba tlileng pele ho bona.,SAS,1.0,Vukuzenzele_DSFSI_or_govza
"ba na le tshepo, ba matla ebile ba sebete, hangata ba tobana le maemo a boima ka ho fetisisa.",SAS,0.9937,Vukuzenzele_DSFSI_or_govza
"ka diketso tsa bona, ba aha lefatshe le nang le toka e tomanyana, tekano, boitjaro ba nako e telele le bile le na le kgotso.",SAS,0.901,Vukuzenzele_DSFSI_or_govza
batjha lefatsheng ka bophara ba etsa kgoeletso ditheong tsa thuto hore di tlohele semorabe le ho kotela ditjhabana tse ding.,SAS,1.0,Vukuzenzele_DSFSI_or_govza
afrika borwa e nka dikgato tsa ho rarolla qaka ya kgaello ya dithusaphefumoloho silusapho nyanda sethusaphefumoloho se entsweng kwano lapeng se tla thusa bakudi ba nang le matshwao a fokolang a covid19 ho phefumoloha habobebe.,SAS,0.9999,Vukuzenzele_DSFSI_or_govza
twantsho ya lefu la kokwanahloko ya corona (covid19) afrika borwa e matlafaditswe ke sethusaphefumoloho sa pele se entsweng kahara naha.,SAS,0.9954,Vukuzenzele_DSFSI_or_govza
"sethusaphefumoloho sa continuous positive airway pressure (cpap) se thusa bakudi ba nang le matshwao a fokolang a covid19 ho phefumoloha habobebe, ka ho fana ka kgatello e tlase ya moya o nang le oksijene e le ho boloka dipeipi tsa bona tsa moya di bulehile.",SAS,0.9996,Vukuzenzele_DSFSI_or_govza
"sethusaphefumoloho sena se radilwe ke lekgotla la diphuputso tsa saense le indasteri (csir) ka kopanelo le balekane ba bangatanyana ba kwano lapeng, mme se nanabetswa naha ka bophara ho bakudi ba bonahalang ba na le mathata a phefumoloho qalehong ya tshwaetso ya covid19.",SAS,0.9983,Vukuzenzele_DSFSI_or_govza
sethusaphefumoloho sa cpap se ka pompa sekepele se phahameng sa oksijene e le ho thusa motho hore a phefumolohe.,SAS,1.0,Vukuzenzele_DSFSI_or_govza
cpap e pompa motswako wa oksijene motjhaotjhele.,SAS,0.8844,Vukuzenzele_DSFSI_or_govza
"o ka eketsa kapa wa fokotsa sekgahla sa oksijene eo motho a e phefumolohang,"" ho rialo molaodi wa phethahatso wa tlhahiso ya kamoso ya csir: manufacturing martin sanne.",SAS,0.9952,Vukuzenzele_DSFSI_or_govza
bakudi ba sebedisang sethusaphefumoloho ba hokahantswe ke sekwahelasefahleho.,SAS,1.0,Vukuzenzele_DSFSI_or_govza
oksijene e hulwa tankeng ya gase ya oksijene mme e tswakwa le moya wa tlhaho o kahara sethusaphefumoloho ebe ho tloha moo e fetisetswa ho sekwahelasefahleho mme mokudi o e phefumolohelwa kahare.,SAS,1.0,Vukuzenzele_DSFSI_or_govza
"sanne o re kahodimo ho ho pompa moya o nang le oksijene, cpap e boela e thusa bakudi ho phefumolohela ka ntle.",SAS,1.0,Vukuzenzele_DSFSI_or_govza
"""sesebediswa sa cpap se ka sebediswa ditikolohong tsa bongaka ba botekgeniki bo phahameng esita le dibakeng tsa nakwana, tse kang dipetlele tse thokwana le metse esita le ditsheng tsa tshekeho.",SAS,0.9915,Vukuzenzele_DSFSI_or_govza
sanne o re csir e tla be e se e hlahisitse dithusaphefumoloho tse 10 000 mafelong a phato.,SAS,0.996,Vukuzenzele_DSFSI_or_govza
"ka ho sebedisana hammoho le siemens, simera, akacia, gabler, umoya le yunivesithi ya cape town, csir e hlahisitse cpap ho ya ka maemo a beilweng ke mokgatlo wa lefatshe wa bophelo bo botle.",SAS,0.9982,Vukuzenzele_DSFSI_or_govza
lefupe la pele la dithusaphefumoloho le tla abelwa dipetlele tsa mmuso tse nang le kgatello ka lebaka la kgaello ya disebediswa tsa ho lwantsha covid19.,SAS,0.9995,Vukuzenzele_DSFSI_or_govza
csir e qadile ho sebetsana le cpap kamora hore lefatshe lohle le qale ho ba le kgaello e kgolo ya dithusaphefumoloho.,SAS,1.0,Vukuzenzele_DSFSI_or_govza
"""e ne e ka ba nakong ya tlhakubele le mmesa moo ka tshohanyetso ho bileng le phepelo e fokolang ya dithusaphefumoloho ho tswa ho bafepedi ba rona ba matjhaba.",SAS,1.0,Vukuzenzele_DSFSI_or_govza
